SOURCE,EXTERNAL_ID,PMCID,DOI,AUTHORS,PUBLICATION_YEAR,PUBLICATION_MONTH,TITLE,JOURNAL,VOLUME,ISSUE,PAGE_INFO,TIMES_CITED,GRANTS,OPEN_ACCESS,LICENSE,FIRST_PUB_DATE (dd/mm/yyyy),EMBARGO_DATE (dd/mm/yyyy),IN_EPMC,EPMC_AUTH_MAN
MED,32196430,PMC7172701,10.1080/22221751.2020.1745095,"Loeffelholz, Michael J; Tang, Yi-Wei",2020,12,Laboratory diagnosis of emerging human coronavirus infections - the state of the art.,"Emerg Microbes Infect",9,"1","747-756",0,"",Y,cc by,2020-12-01,,Y,N
MED,32208917,PMC7103724,10.1080/22221751.2020.1744483,"Su, Liang; Ma, Xiang; Yu, Huafeng; Zhang, Zhaohua; Bian, Pengfei; Han, Yuling; Sun, Jing; Liu, Yanqin; Yang, Chun; Geng, Jin; Zhang, Zhongfa; Gai, Zhongtao",2020,12,The different clinical characteristics of corona virus disease cases between children and their families in China - the character of children with COVID-19.,"Emerg Microbes Infect",9,"1","707-713",0,"",Y,cc by,2020-12-01,,Y,N
MED,32335168,PMC7177139,10.1016/j.jinf.2020.04.019,"Lee, Yu-Lin; Liao, Chia-Hung; Liu, Po-Yu; Cheng, Chien-Yu; Chung, Ming-Yi; Liu, Chun-Eng; Chang, Sui-Yuan; Hsueh, Po-Ren",2020,4,Dynamics of anti-SARS-Cov-2 IgM and IgG antibodies among COVID-19 patients.,"J Infect",,"","",0,"",Y,,2020-04-23,,Y,N
MED,32320825,PMC7166307,10.1016/j.meegid.2020.104327,"Abd El-Aziz, Tarek Mohamed; Stockand, James D",2020,4,Recent progress and challenges in drug development against COVID-19 coronavirus (SARS-CoV-2) - an update on the status.,"Infect Genet Evol",83,"","104327",0,"",Y,,2020-04-19,,Y,N
MED,32293168,PMC7172500,10.1021/acsnano.0c02823,"Seo, Giwan; Lee, Geonhee; Kim, Mi Jeong; Baek, Seung-Hwa; Choi, Minsuk; Ku, Keun Bon; Lee, Chang-Seop; Jun, Sangmi; Park, Daeui; Kim, Hong Gi; Kim, Seong-Jun; Lee, Jeong-O; Kim, Bum Tae; Park, Edmond Changkyun; Kim, Seung Il",2020,4,Rapid Detection of COVID-19 Causative Virus (SARS-CoV-2) in Human Nasopharyngeal Swab Specimens Using Field-Effect Transistor-Based Biosensor.,"ACS Nano",14,"4","5135-5142",0,"",Y,,2020-04-20,,Y,N
PMC,PMC7189397,PMC7189397,10.1007/978-981-15-4814-7_1,"Saxena, Shailendra K.; Kumar, Swatantra; Maurya, Vimal K.; Sharma, Raman; Dandu, Himanshu R.; Bhatt, Madan L. B.",2020,,Current Insight into the Novel Coronavirus Disease 2019 (COVID-19).,"Coronavirus Disease 2019 (COVID-19)",,"","1-8",0,"",Y,,2020-04-30,,Y,N
PMC,PMC7162768,PMC7162768,10.1016/j.infpip.2020.100061,"Tobaiqy, Mansour; Qashqary, Mohammed; Al-Dahery, Shrooq; Mujallad, Alaa; Hershan, Almonther Abdullah; Kamal, Mohammad Azhar; Helmi, Nawal",0,,Therapeutic Management of COVID-19 Patients: A systematic review.,"Infection Prevention in Practice",,"","",0,"",Y,,2020-04-19,,Y,N
MED,32234468,PMC7138178,10.1016/j.ijantimicag.2020.105955,"Zhai, Pan; Ding, Yanbing; Wu, Xia; Long, Junke; Zhong, Yanjun; Li, Yiming",2020,3,"The epidemiology, diagnosis and treatment of COVID-19.","Int J Antimicrob Agents",,"","105955",0,"",Y,,2020-03-28,,Y,N
MED,32301749,,10.1515/cclm-2020-0443,"Padoan, Andrea; Cosma, Chiara; Sciacovelli, Laura; Faggian, Diego; Plebani, Mario",2020,4,Analytical performances of a chemiluminescence immunoassay for SARS-CoV-2 IgM/IgG and antibody kinetics.,"Clin Chem Lab Med",,"","",0,"",N,,2020-04-16,,N,N
PMC,PMC7194867,PMC7194867,10.1016/j.cmrp.2020.04.001,"Kaul, Dinesh",0,,"An overview of coronaviruses including the SARS-2 coronavirus – Molecular biology, epidemiology and clinical implications.","Curr Med Res Pract",,"","",0,"",Y,,2020-05-04,,Y,N
MED,32081636,PMC7127800,10.1016/j.ijantimicag.2020.105924,"Lai, Chih-Cheng; Shih, Tzu-Ping; Ko, Wen-Chien; Tang, Hung-Jen; Hsueh, Po-Ren",2020,3,Severe acute respiratory syndrome coronavirus 2 (SARS-CoV-2) and coronavirus disease-2019 (COVID-19): The epidemic and the challenges.,"Int J Antimicrob Agents",55,"3","105924",0,"",Y,,2020-02-17,,Y,N
MED,32339662,PMC7194714,10.1016/j.bbmt.2020.04.018,"Ardura, MI; Hartley, DM; Dandoy, C; Lehmann, L; Jaglowski, S; Auletta, Jeffery J; Transplant-Associated Learning Network (TALNT)",2020,4,Addressing the Impact of the Coronavirus Disease (COVID-19) Pandemic on Hematopoietic Cell Transplantation: Learning Networks as a Means for Sharing Best Practices.,"Biol Blood Marrow Transplant",,"","",0,"",Y,,2020-04-24,,Y,N
MED,32315723,PMC7166041,10.1016/j.jinf.2020.04.011,"Tu, Huilan; Tu, Sheng; Gao, Shiqi; Shao, Anwen; Sheng, Jifang",2020,4,The epidemiological and clinical features of COVID-19 and lessons from this global infectious public health event.,"J Infect",,"","",0,"",Y,,2020-04-18,,Y,N
MED,32336661,PMC7166035,10.1016/j.ejogrb.2020.04.034,"Cheruiyot, Isaac; Henry, Brandon Michael; Lippi, Giuseppe",2020,4,Is there evidence of intra-uterine vertical transmission potential of COVID-19 infection in samples tested by quantitative RT-PCR?,"Eur J Obstet Gynecol Reprod Biol",,"","",0,"",Y,,2020-04-18,,Y,N
MED,32349772,PMC7190200,10.1186/s13052-020-0820-x,"De Rose, Domenico Umberto; Piersigilli, Fiammetta; Ronchetti, Maria Paola; Santisi, Alessandra; Bersani, Iliana; Dotta, Andrea; Danhaive, Olivier; Auriti, Cinzia; Study Group of Neonatal Infectious Diseases of The Italian Society of Neonatology (SIN)",2020,4,Novel Coronavirus disease (COVID-19) in newborns and infants: what we know so far.,"Ital J Pediatr",46,"1","56",0,"",Y,cc by,2020-04-29,,Y,N
MED,32304208,PMC7188150,10.1093/ajcp/aqaa064,"Abdalhamid, Baha; Bilder, Christopher R; McCutchen, Emily L; Hinrichs, Steven H; Koepsell, Scott A; Iwen, Peter C",2020,4,Assessment of Specimen Pooling to Conserve SARS CoV-2 Testing Resources.,"Am J Clin Pathol",,"","",0,"",Y,,2020-04-18,,Y,N
MED,32333222,PMC7180649,10.1007/s10096-020-03899-4,"Wang, Huihui; Li, Xuemei; Li, Tao; Zhang, Shubing; Wang, Lianzi; Wu, Xian; Liu, Jiaqing",2020,4,"The genetic sequence, origin, and diagnosis of SARS-CoV-2.","Eur J Clin Microbiol Infect Dis",,"","",0,"""Natural Science Foundation of China"":""81201488"",""Natural Science Foundation of China"":""81571572"",""Natural Science Foundation of China"":""30801088""",Y,,2020-04-24,,Y,N
MED,32300496,PMC7158591,10.7759/cureus.7276,"Ramphul, Kamleshun; Mejias, Stephanie G",2020,3,Coronavirus Disease: A Review of a New Threat to Public Health.,"Cureus",12,"3","e7276",0,"",Y,cc by,2020-03-15,,Y,N
PMC,PMC7189393,PMC7189393,10.1007/978-981-15-4814-7_13,"Baxi, Preeti; Saxena, Shailendra K.",2020,,Emergence and Reemergence of Severe Acute Respiratory Syndrome (SARS) Coronaviruses.,"Coronavirus Disease 2019 (COVID-19)",,"","151-163",0,"",Y,,2020-04-30,,Y,N
PMC,PMC7088708,PMC7088708,10.1007/s11606-020-05762-w,"Jiang, Fang; Deng, Liehua; Zhang, Liangqing; Cai, Yin; Cheung, Chi Wai; Xia, Zhengyuan",0,,Review of the Clinical Characteristics of Coronavirus Disease 2019 (COVID-19).,"J Gen Intern Med",,"","1-5",0,"",Y,,2020-03-26,,Y,N
MED,32183357,PMC7142866,10.3390/mi11030306,"Nguyen, Trieu; Duong Bang, Dang; Wolff, Anders",2020,3,2019 Novel Coronavirus Disease (COVID-19): Paving the Road for Rapid Detection and Point-of-Care Diagnostics.,"Micromachines (Basel)",11,"3","",0,"""Horizon 2020 Framework Programme"":""773422""",Y,cc by,2020-03-14,,Y,N
MED,32322935,PMC7175831,10.1007/s00059-020-04925-z,"Maisch, Bernhard",2020,4,"SARS-CoV-2 as potential cause of cardiac inflammation and heart failure. Is it the virus, hyperinflammation, or MODS?","Herz",,"","",0,"",Y,,2020-04-22,,Y,N
MED,32243297,PMC7173023,10.1213/ANE.0000000000004845,"Ludwig, Stephan; Zarbock, Alexander",2020,3,Coronaviruses and SARS-CoV-2: A Brief Overview.,"Anesth Analg",,"","",0,"",Y,,2020-03-31,,Y,N
MED,32341943,PMC7182532,10.1016/j.anpede.2020.02.002,"Calvo, Cristina; López-Hortelano, Milagros García; Vicente, Juan Carlos de Carlos; Martínez, Jose Luis Vázquez; Grupo de trabajo de la Asociación Española de Pediatría para el brote de infección por Coronavirus, colaboradores con el Ministerio de Sanidad",2020,4,Recommendations on the clinical management of the COVID-19 infection by the «new coronavirus» SARS-CoV2. Spanish Paediatric Association working group.,"An Pediatr (Engl Ed)",,"","",0,"",Y,,2020-04-25,,Y,N
PMC,PMC7169335,PMC7169335,10.1002/viw2.4,"Liu, Ran; Fu, Aisi; Deng, Zixin; Li, Yan; Liu, Tiangang",2020,3,Promising methods for detection of novel coronavirus SARS‐CoV‐2.,"View",1,"1","",0,"",Y,cc by,2020-03-23,,Y,N
MED,32283141,PMC7195339,10.1016/j.jinf.2020.03.051,"Pan, Yunbao; Li, Xinran; Yang, Gui; Fan, Junli; Tang, Yueting; Zhao, Jin; Long, Xinghua; Guo, Shuang; Zhao, Ziwu; Liu, Yinjuan; Hu, Hanning; Xue, Han; Li, Yirong",2020,4,Serological immunochromatographic approach in diagnosis with SARS-CoV-2 infected COVID-19 patients.,"J Infect",,"","",0,"",Y,,2020-04-10,,Y,N
MED,32052514,PMC7169770,10.1111/tmi.13383,"Velavan, Thirumalaisamy P; Meyer, Christian G",2020,3,The COVID-19 epidemic.,"Trop Med Int Health",25,"3","278-280",0,"",Y,,2020-02-16,,Y,N
MED,32234465,PMC7118423,10.1016/j.ijantimicag.2020.105950,"Kang, Shuntong; Peng, Wenyao; Zhu, Yuhao; Lu, Shiyao; Zhou, Min; Lin, Wei; Wu, Wenfang; Huang, Shu; Jiang, Liping; Luo, Xuan; Deng, Meichun",2020,3,"Recent progress in understanding 2019 novel coronavirus (SARS-CoV-2) associated with human respiratory disease: detection, mechanisms and treatment.","Int J Antimicrob Agents",,"","105950",0,"",Y,,2020-03-28,,Y,N
MED,32283498,PMC7194797,10.1016/j.dsx.2020.04.011,"Singh, Akriti; Shaikh, Altamash; Singh, Ritu; Singh, Awadhesh Kumar",2020,4,COVID-19: From bench to bed side.,"Diabetes Metab Syndr",14,"4","277-281",0,"",Y,,2020-04-09,,Y,N
MED,32107119,PMC7135848,10.1016/j.tmrv.2020.02.003,"Chang, Le; Yan, Ying; Wang, Lunan",2020,2,Coronavirus Disease 2019: Coronaviruses and Blood Safety.,"Transfus Med Rev",,"","",0,"",Y,,2020-02-21,,Y,N
MED,32337113,PMC7179986,10.7759/cureus.7386,"Valencia, Damian N",2020,3,Brief Review on COVID-19: The 2020 Pandemic Caused by SARS-CoV-2.,"Cureus",12,"3","e7386",0,"",Y,cc by,2020-03-24,,Y,N
MED,32265065,PMC7102516,10.1016/j.ajem.2020.03.036,"Chavez, Summer; Long, Brit; Koyfman, Alex; Liang, Stephen Y",2020,3,Coronavirus Disease (COVID-19): A primer for emergency physicians.,"Am J Emerg Med",,"","",0,"",Y,,2020-03-24,,Y,N
MED,32169119,PMC7068984,10.1186/s40779-020-00240-0,"Guo, Yan-Rong; Cao, Qing-Dong; Hong, Zhong-Si; Tan, Yuan-Yang; Chen, Shou-Deng; Jin, Hong-Jun; Tan, Kai-Sen; Wang, De-Yun; Yan, Yan",2020,3,"The origin, transmission and clinical therapies on coronavirus disease 2019 (COVID-19) outbreak - an update on the status.","Mil Med Res",7,"1","11",0,"",Y,cc by,2020-03-13,,Y,N
MED,32194980,PMC7073332,10.1038/s41421-020-0153-3,"Zhou, Yadi; Hou, Yuan; Shen, Jiayu; Huang, Yin; Martin, William; Cheng, Feixiong",2020,,Network-based drug repurposing for novel coronavirus 2019-nCoV/SARS-CoV-2.,"Cell Discov",6,"","14",0,"""NHLBI NIH HHS"":""K99 HL138272"",""NHLBI NIH HHS"":""R00 HL138272""",Y,cc by,2020-03-16,,Y,N
MED,32161092,PMC7180238,10.1128/JCM.00187-20,"Khan, Suliman; Siddique, Rabeea; Shereen, Muhammad Adnan; Ali, Ashaq; Liu, Jianbo; Bai, Qian; Bashir, Nadia; Xue, Mengzhou",2020,4,"Emergence of a Novel Coronavirus, Severe Acute Respiratory Syndrome Coronavirus 2: Biology and Therapeutic Options.","J Clin Microbiol",58,"5","",0,"",Y,,2020-04-23,,Y,N
MED,32247211,PMC7102587,10.1016/j.dsx.2020.03.011,"Singh, Awadhesh Kumar; Singh, Akriti; Shaikh, Altamash; Singh, Ritu; Misra, Anoop",2020,,Chloroquine and hydroxychloroquine in the treatment of COVID-19 with or without diabetes: A systematic search and a narrative review with a special reference to India and other developing countries.,"Diabetes Metab Syndr",14,"3","241-246",0,"",Y,,2020-03-26,,Y,N
MED,32235575,PMC7177691,10.3390/ijerph17072323,"Yan, Yuxin; Shin, Woo In; Pang, Yoong Xin; Meng, Yang; Lai, Jianchen; You, Chong; Zhao, Haitao; Lester, Edward; Wu, Tao; Pang, Cheng Heng",2020,3,"The First 75 Days of Novel Coronavirus (SARS-CoV-2) Outbreak: Recent Advances, Prevention, and Treatment.","Int J Environ Res Public Health",17,"7","",0,"",Y,cc by,2020-03-30,,Y,N
MED,32351807,PMC7186097,10.7759/cureus.7422,"Cipriano, Massimiliano; Ruberti, Enzo; Giacalone, Andrea",2020,3,Gastrointestinal Infection Could Be New Focus for Coronavirus Diagnosis.,"Cureus",12,"3","e7422",0,"",Y,cc by,2020-03-26,,Y,N
PMC,PMC7173822,PMC7173822,10.1016/S2666-5247(20)30004-5,"Chu, Hin; Chan, Jasper Fuk-Woo; Yuen, Terrence Tsz-Tai; Shuai, Huiping; Yuan, Shuofeng; Wang, Yixin; Hu, Bingjie; Yip, Cyril Chik-Yan; Tsang, Jessica Oi-Ling; Huang, Xiner; Chai, Yue; Yang, Dong; Hou, Yuxin; Chik, Kenn Ka-Heng; Zhang, Xi; Fung, Agnes Yim-Fong; Tsoi, Hoi-Wah; Cai, Jian-Piao; Chan, Wan-Mui; Ip, Jonathan Daniel; Chu, Allen Wing-Ho; Zhou, Jie; Lung, David Christopher; Kok, Kin-Hang; To, Kelvin Kai-Wang; Tsang, Owen Tak-Yin; Chan, Kwok-Hung; Yuen, Kwok-Yung",0,,"Comparative tropism, replication kinetics, and cell damage profiling of SARS-CoV-2 and SARS-CoV with implications for clinical manifestations, transmissibility, and laboratory studies of COVID-19: an observational study.","The Lancet Microbe",,"","",0,"",Y,,2020-04-24,,Y,N
MED,32290293,PMC7177898,10.3390/ijms21072657,"Tu, Yung-Fang; Chien, Chian-Shiu; Yarmishyn, Aliaksandr A; Lin, Yi-Ying; Luo, Yung-Hung; Lin, Yi-Tsung; Lai, Wei-Yi; Yang, De-Ming; Chou, Shih-Jie; Yang, Yi-Ping; Wang, Mong-Lien; Chiou, Shih-Hwa",2020,4,A Review of SARS-CoV-2 and the Ongoing Clinical Trials.,"Int J Mol Sci",21,"7","",0,"",Y,cc by,2020-04-10,,Y,N
MED,32289263,PMC7153529,10.1016/j.chom.2020.04.004,"Xie, Xuping; Muruato, Antonio; Lokugamage, Kumari G; Narayanan, Krishna; Zhang, Xianwen; Zou, Jing; Liu, Jianying; Schindewolf, Craig; Bopp, Nathen E; Aguilar, Patricia V; Plante, Kenneth S; Weaver, Scott C; Makino, Shinji; LeDuc, James W; Menachery, Vineet D; Shi, Pei-Yong",2020,4,An Infectious cDNA Clone of SARS-CoV-2.,"Cell Host Microbe",,"","",0,"""NIAID NIH HHS"":""R01 AI127744"",""NIAID NIH HHS"":""R43 AI145617"",""NIAID NIH HHS"":""U19 AI100625"",""NIA NIH HHS"":""R00 AG049092"",""NIAID NIH HHS"":""R01 AI134907"",""NIAID NIH HHS"":""R01 AI146081"",""NIAID NIH HHS"":""UC7 AI094660"",""NIAID NIH HHS"":""R01 AI114657"",""NIAID NIH HHS"":""U19 AI142759"",""NIAID NIH HHS"":""R24 AI120942"",""NCATS NIH HHS"":""UL1 TR001439"",""NIAID NIH HHS"":""R41 AI136126"",""NCATS NIH HHS"":""TL1 TR001440""",Y,,2020-04-09,,Y,N
PMC,PMC7189400,PMC7189400,10.1007/978-981-15-4814-7_10,"Maurya, Vimal K.; Kumar, Swatantra; Bhatt, Madan L. B.; Saxena, Shailendra K.",2020,,Therapeutic Development and Drugs for the Treatment of COVID-19.,"Coronavirus Disease 2019 (COVID-19)",,"","109-126",0,"",Y,,2020-04-30,,Y,N
MED,32226821,PMC7094090,10.1021/acscentsci.0c00272,"Liu, Cynthia; Zhou, Qiongqiong; Li, Yingzhu; Garner, Linda V; Watkins, Steve P; Carter, Linda J; Smoot, Jeffrey; Gregg, Anne C; Daniels, Angela D; Jervey, Susan; Albaiu, Dana",2020,3,Research and Development on Therapeutic Agents and Vaccines for COVID-19 and Related Human Coronavirus Diseases.,"ACS Cent Sci",6,"3","315-331",0,"",Y,,2020-03-12,,Y,N
PMC,PMC7151472,PMC7151472,10.1016/j.jcv.2020.104346,"Xiao, Ai Tang; Tong, Yi Xin; Gao, Chun; Zhu, Li; Zhang, Yu Jie; Zhang, Sheng",0,,"Dynamic profile of RT-PCR findings from 301 COVID-19 patients in Wuhan, China: a descriptive study.","J Clin Virol",,"","",0,"",Y,,2020-04-16,,Y,N
PMC,PMC7189838,PMC7189838,10.1016/j.jcv.2020.104394,"Krüttgen, Alexander; Cornelissen, Christian G.; Dreher, Michael; Hornef, Mathias; Imöhl, Matthias; Kleines, Michael",0,,Comparison of four new commercial serologic assays for determination of SARS-CoV-2 IgG.,"J Clin Virol",,"","",0,"",Y,,2020-05-02,,Y,N
PMC,PMC7184249,PMC7184249,10.1016/j.idcr.2020.e00775,"Azekawa, Shuhei; Namkoong, Ho; Mitamura, Keiko; Kawaoka, Yoshihiro; Saito, Fumitake",2020,,Co-infection with SARS-CoV-2 and influenza A virus.,"IDCases",20,"","e00775-e00775",0,"",Y,,2020-04-21,,Y,N
MED,32292265,PMC7143201,10.1007/s40267-020-00725-x,"Omer, Sumaira; Ali, Salamat; Babar, Zaheer Ud Din",2020,4,Preventive measures and management of COVID-19 in pregnancy.,"Drugs Ther Perspect",,"","1-4",0,"",Y,,2020-04-09,,Y,N
PMC,PMC7194659,PMC7194659,10.1016/j.cdtm.2020.02.003,"Ju, Chun-Rong; Lian, Qiao-Yan; Zhang, Jian-Heng; Qiu, Tao; Cai, Zhi-Tao; Jiang, Wen-Yang; Zhang, Jing; Cheng, Qin; Chen, Gang; Li, Ning; Wang, Chun-Yan; He, Jian-Xing",0,,Recommended prophylactic and management strategies for severe acute respiratory syndrome coronavirus 2 infection in transplant recipients.,"Chronic Dis Transl Med",,"","",0,"",Y,,2020-05-04,,Y,N
MED,32258207,PMC7111600,10.1093/ofid/ofaa102,"Cao, Wei; Liu, Xiaosheng; Bai, Tao; Fan, Hongwei; Hong, Ke; Song, Hui; Han, Yang; Lin, Ling; Ruan, Lianguo; Li, Taisheng",2020,3,High-Dose Intravenous Immunoglobulin as a Therapeutic Option for Deteriorating Patients With Coronavirus Disease 2019.,"Open Forum Infect Dis",7,"3","ofaa102",0,"",Y,cc by-nc-nd,2020-03-21,,Y,N
MED,32129670,PMC7140975,10.1177/0846537120913033,"Dai, Wei-Cai; Zhang, Han-Wen; Yu, Juan; Xu, Hua-Jian; Chen, Huan; Luo, Si-Ping; Zhang, Hong; Liang, Li-Hong; Wu, Xiao-Liu; Lei, Yi; Lin, Fan",2020,5,CT Imaging and Differential Diagnosis of COVID-19.,"Can Assoc Radiol J",71,"2","195-200",0,"",Y,cc by,2020-03-04,,Y,N
PMC,PMC7189849,PMC7189849,10.1016/j.jcv.2020.104385,"Mancino, Enrica; Cristiani, Luca; Pierangeli, Alessandra; Scagnolari, Carolina; Nenna, Raffaella; Petrarca, Laura; Di Mattia, Greta; La Regina, Domenico; Frassanito, Antonella; Oliveto, Giuseppe; Viscido, Agnese; Midulla, Fabio",0,,A single centre study of viral community-acquired pneumonia in children: no evidence of SARS-CoV-2 from October 2019 to March 2020.,"J Clin Virol",,"","",0,"",Y,,2020-05-02,,Y,N
MED,32226288,PMC7098036,10.7150/ijbs.45538,"Yang, Yang; Islam, Md Sahidul; Wang, Jin; Li, Yuan; Chen, Xin",2020,,Traditional Chinese Medicine in the Treatment of Patients Infected with 2019-New Coronavirus (SARS-CoV-2): A Review and Perspective.,"Int J Biol Sci",16,"10","1708-1717",0,"",Y,cc by,2020-03-15,,Y,N
PMC,PMC7189193,PMC7189193,10.1016/j.jcv.2020.104386,"Patel, Kishan P.; Patel, Puja A.; Vunnam, Rama R.; Hewlett, Alexander T.; Jain, Rohit; Jing, Ran; Vunnam, Srinivas R.",0,,"Gastrointestinal, Hepatobiliary, and Pancreatic Manifestations of COVID-19.","J Clin Virol",,"","",0,"",Y,,2020-05-02,,Y,N
MED,32229107,PMC7118663,10.1016/j.cca.2020.03.032,"Lv, Ding-Feng; Ying, Qi-Ming; Weng, Yue-Song; Shen, Chi-Bin; Chu, Jin-Guo; Kong, Jing-Ping; Sun, Ding-He; Gao, Xiang; Weng, Xing-Bei; Chen, Xue-Qin",2020,3,Dynamic change process of target genes by RT-PCR testing of SARS-Cov-2 during the course of a Coronavirus Disease 2019 patient.,"Clin Chim Acta",506,"","172-175",0,"",Y,,2020-03-27,,Y,N
MED,32247927,PMC7151266,10.1016/j.tmaid.2020.101647,"Cao, Yu-Chen; Deng, Qi-Xin; Dai, Shi-Xue",2020,4,Remdesivir for severe acute respiratory syndrome coronavirus 2 causing COVID-19: An evaluation of the evidence.,"Travel Med Infect Dis",,"","101647",0,"",Y,,2020-04-02,,Y,N
MED,32098422,PMC7077191,10.3390/v12020244,"Xu, Jiabao; Zhao, Shizhe; Teng, Tieshan; Abdalla, Abualgasim Elgaili; Zhu, Wan; Xie, Longxiang; Wang, Yunlong; Guo, Xiangqian",2020,2,Systematic Comparison of Two Animal-to-Human Transmitted Human Coronaviruses: SARS-CoV-2 and SARS-CoV.,"Viruses",12,"2","",0,"""2020 New Coronavirus Prevention and Control Emergency Project"":""201100310300"",""Program for Innovative Talents of Science and Technology in Henan Province"":""18HASTIT048""",Y,cc by,2020-02-22,,Y,N
MED,32284613,PMC7095102,10.1038/s41591-020-0817-4,"Xu, Yi; Li, Xufang; Zhu, Bing; Liang, Huiying; Fang, Chunxiao; Gong, Yu; Guo, Qiaozhi; Sun, Xin; Zhao, Danyang; Shen, Jun; Zhang, Huayan; Liu, Hongsheng; Xia, Huimin; Tang, Jinling; Zhang, Kang; Gong, Sitang",2020,4,Characteristics of pediatric SARS-CoV-2 infection and potential evidence for persistent fecal viral shedding.,"Nat Med",26,"4","502-505",0,"",Y,,2020-03-13,,Y,N
MED,32355557,PMC7179981,10.7189/jogh.10.010340,"Konjevoda, Suzana; Canovic, Samir; Pastar, Zrinjka; Tabain, Irena; Savic, Vladimir; Barbic, Ljubo; Dzelalija, Boris; Vukojevic, Katarina; Stevanovic, Vladimir; Mardesic, Snjezana; Kosovic, Ivona; Vilibic-Cavlek, Tatjana",2020,6,Ophthalmic manifestations of novel coronaviruses: precautionary measures and diagnostic possibilities.,"J Glob Health",10,"1","010430",0,"",Y,cc by,2020-06-01,,Y,N
MED,32251798,PMC7194885,10.1016/j.ijid.2020.03.065,"Jin, Yujiao; Wang, Miaochan; Zuo, Zhongbao; Fan, Chaoming; Ye, Fei; Cai, Zhaobin; Wang, Ying; Cui, Huaizhong; Pan, Kenu; Xu, Aifang",2020,4,Diagnostic value and dynamic variance of serum antibody in coronavirus disease 2019.,"Int J Infect Dis",94,"","49-52",0,"",Y,,2020-04-03,,Y,N
MED,32223179,PMC7144809,10.1021/acsnano.0c02624,"Udugama, Buddhisha; Kadhiresan, Pranav; Kozlowski, Hannah N; Malekjahani, Ayden; Osborne, Matthew; Li, Vanessa Y C; Chen, Hongmin; Mubareka, Samira; Gubbay, Jonathan B; Chan, Warren C W",2020,4,Diagnosing COVID-19: The Disease and Tools for Detection.,"ACS Nano",14,"4","3822-3835",0,"""CIHR"":""ID_NOT_SUPPLIED""",Y,,2020-04-09,,Y,N
MED,32335684,PMC7188127,10.1093/neuros/nyaa157,"Iorio-Morin, Christian; Hodaie, Mojgan; Sarica, Can; Dea, Nicolas; Westwick, Harrison J; Christie, Sean D; McDonald, Patrick J; Labidi, Moujahed; Farmer, Jean-Pierre; Brisebois, Simon; D'Aragon, Frédérick; Carignan, Alex; Fortin, David",2020,4,Letter: The Risk of COVID-19 Infection During Neurosurgical Procedures: A Review of Severe Acute Respiratory Distress Syndrome Coronavirus 2 (SARS-CoV-2) Modes of Transmission and Proposed Neurosurgery-Specific Measures for Mitigation.,"Neurosurgery",,"","",0,"",Y,,2020-04-26,,Y,N
MED,32306118,PMC7166003,10.1007/s00405-020-05968-y,"Krajewska, Joanna; Krajewski, Wojciech; Zub, Krzysztof; Zatoński, Tomasz",2020,4,COVID-19 in otolaryngologist practice: a review of current knowledge.,"Eur Arch Otorhinolaryngol",,"","",0,"",Y,cc by,2020-04-18,,Y,N
MED,32283073,PMC7151436,10.1016/j.ajog.2020.04.005,"Ashokka, Balakrishnan; Loh, May-Han; Tan, Cher Heng; Su, Lin Lin; Young, Barnaby Edward; Lye, David Chien; Biswas, Arijit; E Illanes, Sebastian; Choolani, Mahesh",2020,4,"Care of the Pregnant Woman with COVID-19 in Labor and Delivery: Anesthesia, Emergency cesarean delivery, Differential diagnosis in the acutely ill parturient, Care of the newborn, and Protection of the healthcare personnel.","Am J Obstet Gynecol",,"","",0,"",Y,,2020-04-10,,Y,N
MED,32328367,PMC7170025,10.7759/cureus.7355,"Hassan, Syed Adeel; Sheikh, Fahad N; Jamal, Somia; Ezeh, Jude K; Akhtar, Ali",2020,3,"Coronavirus (COVID-19): A Review of Clinical Features, Diagnosis, and Treatment.","Cureus",12,"3","e7355",0,"",Y,cc by,2020-03-21,,Y,N
PMC,PMC7192118,PMC7192118,10.1016/j.jcv.2020.104391,"Xiu, Leshan; Binder, Raquel A.; Alarja, Natalie A.; Kochek, Kara; Coleman, Kristen K.; Son Than, Thé; Bailey, Emily S.; Bui, Vuong N.; Toh, Teck-Hock; Erdman, Dean D.; Gray, Gregory C.",0,,A RT-PCR Assay for the Detection of Coronaviruses from Four Genera.,"J Clin Virol",,"","",0,"",Y,,2020-05-02,,Y,N
MED,32269893,PMC7138423,10.7759/cureus.7560,"Kakodkar, Pramath; Kaka, Nagham; Baig, MN",2020,4,"A Comprehensive Literature Review on the Clinical Presentation, and Management of the Pandemic Coronavirus Disease 2019 (COVID-19). ","Cureus",12,"4","e7560",0,"",Y,cc by,2020-04-06,,Y,N
MED,32292829,PMC7148597,10.1016/j.glohj.2020.03.002,"",2020,3,Interpretation of the diagnosis and treatment plan of Corona Virus Disease 2019 (tentative fifth revised edition).,"Glob Health J",,"","",0,"",Y,,2020-03-17,,Y,N
MED,32344166,PMC7182753,10.1016/j.cmi.2020.04.023,"Cevik, Muge; Bamford, Connor; Ho, Antonia",2020,4,COVID-19 pandemic - A focused review for clinicians.,"Clin Microbiol Infect",,"","",0,"",Y,,2020-04-25,,Y,N
PMC,PMC7110263,PMC7110263,10.1038/s41423-020-0407-x,"Yang, Penghui; Wang, Xiliang",0,,COVID-19: a new challenge for human beings.,"Cell Mol Immunol",,"","1-3",0,"",Y,cc by,2020-04-05,,Y,N
PPR,PPR122890,,10.21203/rs.3.rs-17879/v1,"Cao, Guoqing; Tang, Shaotao; Yang, Dehua; Shi, Wenjia; Wang, Xiaorong; Wang, Hua; Li, Chen; WEI, JIA; Ma, Ling",2020,,One nosocomial cluster following with a familial cluster of COVID-19 cases: the potential transmission risk in patients with negative swab tests,"",,"","",0,"",N,,2020-03-19,,N,N
MED,32298676,PMC7194805,10.1016/j.jinf.2020.04.005,"Azzi, Lorenzo; Carcano, Giulio; Gianfagna, Francesco; Grossi, Paolo; Gasperina, Daniela Dalla; Genoni, Angelo; Fasano, Mauro; Sessa, Fausto; Tettamanti, Lucia; Carinci, Francesco; Maurino, Vittorio; Rossi, Agostino; Tagliabue, Angelo; Baj, Andreina",2020,4,Saliva is a reliable tool to detect SARS-CoV-2.,"J Infect",,"","",0,"",Y,,2020-04-14,,Y,N
MED,32331982,PMC7194913,10.1016/j.jmii.2020.03.032,"Cheng, Chien-Yu; Lee, Yu-Lin; Chen, Cheng-Pin; Lin, Yi-Chun; Liu, Chun-Eng; Liao, Chia-Hung; Cheng, Shu-Hsing",2020,4,Lopinavir/ritonavir did not shorten the duration of SARS CoV-2 shedding in patients with mild pneumonia in Taiwan.,"J Microbiol Immunol Infect",,"","",0,"",Y,,2020-04-03,,Y,N
MED,32310815,PMC7184968,10.2196/19054,"Sullivan, Patrick Sean; Sailey, Charles; Guest, Jodie Lynn; Guarner, Jeannette; Kelley, Colleen; Siegler, Aaron Julius; Valentine-Graves, Mariah; Gravens, Laura; Del Rio, Carlos; Sanchez, Travis Howard",2020,4,"Detection of SARS-CoV-2 RNA and Antibodies in Diverse Samples: Protocol to Validate the Sufficiency of Provider-Observed, Home-Collected Blood, Saliva, and Oropharyngeal Samples.","JMIR Public Health Surveill",6,"2","e19054",0,"",Y,cc by,2020-04-24,,Y,N
MED,32327266,PMC7194541,10.1016/j.ejogrb.2020.04.023,"Carosso, Andrea; Cosma, Stefano; Borella, Fulvio; Marozio, Luca; Coscia, Alessandra; Ghisetti, Valeria; Di Perri, Giovanni; Benedetto, Chiara",2020,4,Pre-labor anorectal swab for SARS-CoV-2 in COVID-19 pregnant patients: is it time to think about it?,"Eur J Obstet Gynecol Reprod Biol",,"","",0,"",Y,,2020-04-14,,Y,N
MED,32340895,PMC7165288,10.1016/j.jmir.2020.04.002,"Abdollahi, Hamid",2020,4,Less is More: Intelligent Intensive Care for SARS-CoV-2 Based on the Imaging Data.,"J Med Imaging Radiat Sci",,"","",0,"",Y,,2020-04-18,,Y,N
MED,32344226,PMC7175909,10.1016/j.scitotenv.2020.138861,"Ali, Imran; Alharbi, Omar M L",2020,4,"COVID-19: Disease, management, treatment, and social impact.","Sci Total Environ",728,"","138861",0,"",Y,,2020-04-22,,Y,N
MED,32282894,PMC7170415,10.7326/M20-1301,"Cheng, Matthew P; Papenburg, Jesse; Desjardins, Michaël; Kanjilal, Sanjat; Quach, Caroline; Libman, Michael; Dittrich, Sabine; Yansouni, Cedric P",2020,4,Diagnostic Testing for Severe Acute Respiratory Syndrome-Related Coronavirus-2: A Narrative Review.,"Ann Intern Med",,"","",0,"",Y,,2020-04-13,,Y,N
PMC,PMC7172485,PMC7172485,10.14309/ajg.0000000000000667,"Carvalho, Alexandre; Alqusairi, Rana; Adams, Anna; Paul, Michelle; Kothari, Neelay; Peters, Stevany; DeBenedet, Anthony T.",2020,4,SARS-CoV-2 Gastrointestinal Infection Causing Hemorrhagic Colitis: Implications for Detection and Transmission of COVID-19 Disease.,"Am J Gastroenterol",,"","",0,"",Y,,2020-04-17,,Y,N
MED,32355694,PMC7188540,10.21037/hbsn.2020.03.16,"Zhang, Bo-Han; Yan, Lyu-Nan; Yang, Jia-Yin",2020,4,Organ transplantation management in the midst of the COVID-19 outbreak: a synopsis.,"Hepatobiliary Surg Nutr",9,"2","250-252",0,"",N,,2020-04-01,,Y,N
MED,32193831,PMC7091225,10.1007/s12519-020-00354-4,"Sun, Dan; Li, Hui; Lu, Xiao-Xia; Xiao, Han; Ren, Jie; Zhang, Fu-Rong; Liu, Zhi-Sheng",2020,3,Clinical features of severe pediatric patients with coronavirus disease 2019 in Wuhan: a single center's observational study.,"World J Pediatr",,"","",0,"",Y,,2020-03-19,,Y,N
MED,32328850,PMC7178925,10.1007/s10096-020-03897-6,"Zhao, Xiaoxuan; Jiang, Yuepeng; Zhao, Yang; Xi, Hongyan; Liu, Chang; Qu, Fan; Feng, Xiaoling",2020,4,Analysis of the susceptibility to COVID-19 in pregnancy and recommendations on potential drug screening.,"Eur J Clin Microbiol Infect Dis",,"","",0,"",Y,,2020-04-23,,Y,N
PMC,PMC7190496,PMC7190496,10.1016/j.msard.2020.102163,"Rejdak, Konrad; Grieb, Paweł",0,,"Adamantanes might be protective from COVID-19 in patients with neurological diseases: multiple sclerosis, parkinsonism and cognitive impairment.","Mult Scler Relat Disord",,"","",0,"",Y,,2020-05-02,,Y,N
MED,32226289,PMC7098029,10.7150/ijbs.45123,"Zhou, Guangyu; Zhao, Qi",2020,,Perspectives on therapeutic neutralizing antibodies against the Novel Coronavirus SARS-CoV-2.,"Int J Biol Sci",16,"10","1718-1723",0,"",Y,cc by,2020-03-15,,Y,N
PMC,PMC7178815,PMC7178815,10.1080/20008686.2020.1754538,"Hoffman, Tove; Nissen, Karolina; Krambrich, Janina; Rönnberg, Bengt; Akaberi, Dario; Esmaeilzadeh, Mouna; Salaneck, Erik; Lindahl, Johanna; Lundkvist, Åke",2020,,Evaluation of a COVID-19 IgM and IgG rapid test; an efficient tool for assessment of past exposure to SARS-CoV-2.,"Infect Ecol Epidemiol",10,"1","",0,"",Y,cc by,2020-04-14,,Y,N
MED,32143990,PMC7126544,10.1016/j.jaut.2020.102434,"Yang, Yongshi; Peng, Fujun; Wang, Runsheng; Guan, Kai; Jiang, Taijiao; Xu, Guogang; Sun, Jinlyu; Chang, Christopher",2020,5,The deadly coronaviruses: The 2003 SARS pandemic and the 2020 novel coronavirus epidemic in China.,"J Autoimmun",109,"","102434",0,"",Y,,2020-03-03,,Y,N
MED,32220574,PMC7102665,10.1016/j.jmii.2020.03.008,"Hsih, Wen-Hsin; Cheng, Meng-Yu; Ho, Mao-Wang; Chou, Chia-Huei; Lin, Po-Chang; Chi, Chih-Yu; Liao, Wei-Chih; Chen, Chih-Yu; Leong, Lih-Ying; Tien, Ni; Lai, Huan-Cheng; Lai, Yi-Chyi; Lu, Min-Chi",2020,3,Featuring COVID-19 cases via screening symptomatic patients with epidemiologic link during flu season in a medical center of central Taiwan.,"J Microbiol Immunol Infect",,"","",0,"",Y,,2020-03-13,,Y,N
MED,32217609,PMC7157705,10.1128/mBio.00722-20,"Patel, Robin; Babady, Esther; Theel, Elitza S; Storch, Gregory A; Pinsky, Benjamin A; St George, Kirsten; Smith, Tara C; Bertuzzi, Stefano",2020,3,"Report from the American Society for Microbiology COVID-19 International Summit, 23 March 2020: Value of Diagnostic Testing for SARS-CoV-2/COVID-19.","mBio",11,"2","",0,"",Y,cc by,2020-03-26,,Y,N
MED,32226285,PMC7098030,10.7150/ijbs.45053,"Zheng, Jun",2020,,SARS-CoV-2: an Emerging Coronavirus that Causes a Global Threat.,"Int J Biol Sci",16,"10","1678-1685",0,"",Y,cc by,2020-03-15,,Y,N
MED,32282863,PMC7104082,10.1016/j.jpha.2020.03.001,"Li, Xiaowei; Geng, Manman; Peng, Yizhao; Meng, Liesu; Lu, Shemin",2020,3,Molecular immune pathogenesis and diagnosis of COVID-19.,"J Pharm Anal",,"","",0,"",Y,,2020-03-05,,Y,N
MED,32276848,PMC7141453,10.1016/j.jmii.2020.03.021,"Xing, Yu-Han; Ni, Wei; Wu, Qin; Li, Wen-Jie; Li, Guo-Ju; Wang, Wen-Di; Tong, Jian-Ning; Song, Xiu-Feng; Wing-Kin Wong, Gary; Xing, Quan-Sheng",2020,3,Prolonged viral shedding in feces of pediatric patients with coronavirus disease 2019.,"J Microbiol Immunol Infect",,"","",0,"",Y,,2020-03-28,,Y,N
PMC,PMC7189851,PMC7189851,10.1016/j.phrs.2020.104859,"McKee, Dwight L.; Sternberg, Ariane; Stange, Ulrike; Laufer, Stefan; Naujokat, Cord",0,,Candidate drugs against SARS-CoV-2 and COVID-19.,"Pharmacol Res",,"","",0,"",Y,,2020-05-02,,Y,N
PMC,PMC7188644,PMC7188644,10.1016/j.ygyno.2020.04.709,"Chen, Yeshan; Li, Guiling",0,,Gynecological malignancies with asymptomatic SARS-CoV-2 infection during the convalescence of outbreak.,"Gynecol Oncol",,"","",0,"",Y,,2020-05-02,,Y,N
MED,32198501,PMC7184472,10.1093/cid/ciaa310,"Guo, Li; Ren, Lili; Yang, Siyuan; Xiao, Meng; Chang, De; Yang, Fan; Dela Cruz, Charles S; Wang, Yingying; Wu, Chao; Xiao, Yan; Zhang, Lulu; Han, Lianlian; Dang, Shengyuan; Xu, Yan; Yang, Qiwen; Xu, Shengyong; Zhu, Huadong; Xu, Yingchun; Jin, Qi; Sharma, Lokesh; Wang, Linghang; Wang, Jianwei",2020,3,Profiling Early Humoral Response to Diagnose Novel Coronavirus Disease (COVID-19).,"Clin Infect Dis",,"","",0,"",Y,,2020-03-21,,Y,N
MED,32147516,PMC7135364,10.1016/j.ijantimicag.2020.105933,"Ko, Wen-Chien; Rolain, Jean-Marc; Lee, Nan-Yao; Chen, Po-Lin; Huang, Ching-Tai; Lee, Ping-Ing; Hsueh, Po-Ren",2020,4,Arguments in favour of remdesivir for treating SARS-CoV-2 infections.,"Int J Antimicrob Agents",55,"4","105933",0,"",Y,,2020-03-06,,Y,N
MED,32292689,PMC7102550,10.1016/j.apsb.2020.02.008,"Wu, Canrong; Liu, Yang; Yang, Yueying; Zhang, Peng; Zhong, Wu; Wang, Yali; Wang, Qiqi; Xu, Yang; Li, Mingxue; Li, Xingzhou; Zheng, Mengzhu; Chen, Lixia; Li, Hua",2020,2,Analysis of therapeutic targets for SARS-CoV-2 and discovery of potential drugs by computational methods.,"Acta Pharm Sin B",,"","",0,"",Y,,2020-02-27,,Y,N
MED,32257511,PMC7112957,10.3126/nje.v10i1.28269,"Asim, Mohammad; Sathian, Brijesh; van Teijlingen, Edwin; Mekkodathil, Ahammed; Subramanya, Supram Hosuru; Simkhada, Padam",2020,3,COVID-19 Pandemic: Public Health Implications in Nepal.,"Nepal J Epidemiol",10,"1","817-820",0,"",Y,cc by,2020-03-30,2020-04-30,Y,N
MED,32328337,PMC7177117,10.1016/j.cdtm.2020.04.001,"Xie, Li-Xin",2020,4,Interpretation of the 7th edition of the "diagnosis and treatment guidelines of coronavirus disease 2019 in China": Progress and challenges.,"Chronic Dis Transl Med",,"","",0,"",Y,,2020-04-23,,Y,N
PMC,PMC7189856,PMC7189856,10.1016/j.jcv.2020.104396,"Zheng, Zhong; Yao, Zhixian; Wu, Ke; Zheng, Junhua",0,,The Diagnosis of Pandemic Coronavirus Pneumonia: A Review of Radiology Examination and Laboratory Test.,"J Clin Virol",,"","",0,"",Y,,2020-05-02,,Y,N
MED,32291542,PMC7154215,10.1007/s10096-020-03874-z,"Ge, Huipeng; Wang, Xiufen; Yuan, Xiangning; Xiao, Gong; Wang, Chengzhi; Deng, Tianci; Yuan, Qiongjing; Xiao, Xiangcheng",2020,4,The epidemiology and clinical information about COVID-19.,"Eur J Clin Microbiol Infect Dis",,"","",0,"""the Natural Science Foundation of Hunan province China"":""2018JJ2654"",""the National Natural Science Foundation of China"":""81770743""",Y,,2020-04-14,,Y,N
MED,32133152,PMC7039910,10.1038/s41421-020-0148-0,"Wang, Huwen; Wang, Zezhou; Dong, Yinqiao; Chang, Ruijie; Xu, Chen; Yu, Xiaoyue; Zhang, Shuxian; Tsamlag, Lhakpa; Shang, Meili; Huang, Jinyan; Wang, Ying; Xu, Gang; Shen, Tian; Zhang, Xinxin; Cai, Yong",2020,,"Phase-adjusted estimation of the number of Coronavirus Disease 2019 cases in Wuhan, China.","Cell Discov",6,"","10",0,"",Y,cc by,2020-02-24,,Y,N
MED,32364028,,10.1177/0300891620923790,"Valenza, Franco; Papagni, Gabriele; Marchianò, Alfonso; Daidone, Maria Grazia; DeBraud, Filippo; Colombo, Mario Paolo; Frignani, Andrea; Galmozzi, Gustavo; Ladisa, Vito; Pruneri, Giancarlo; Salvioni, Roberto; Spada, Pierangelo; Torresani, Michele; Rinaldi, Oliviero; Manfredi, Stefano; Votta, Marco; Apolone, Giovanni",2020,5,Response of a comprehensive cancer center to the COVID-19 pandemic: the experience of the Fondazione IRCCS-Istituto Nazionale dei Tumori di Milano.,"Tumori",,"","300891620923790",0,"",N,,2020-05-04,,N,N
PMC,PMC7192069,PMC7192069,10.1016/j.jinf.2020.04.036,"Meng, Yifan; Guo, Ensong; Liu, Jia; Huang, Xiaoyuan; Sun, Chaoyang; Wu, Peng; Chen, Gang",0,,Value and Challenges: Nucleic Acid Amplification Tests for SARS–CoV-2 in Hospitalized COVID-19 Patients.,"J Infect",,"","",0,"",Y,,2020-05-02,,Y,N
PMC,PMC7162778,PMC7162778,10.1016/j.carpath.2020.107228,"Geng, Yong-Jian; Wei, Zhi-Yao; Qian, Hai-Yan; Huang, Ji; Lodato, Robert; Castriotta, Richard J.",0,,Pathophysiological Characteristics and Therapeutic Approaches for Pulmonary Injury and Cardiovascular Complications of Coronavirus Disease 2019.,"Cardiovasc Pathol",,"","",0,"",Y,,2020-04-19,,Y,N
PMC,PMC7156952,PMC7156952,10.1016/j.kint.2020.04.006,"Kissling, Sébastien; Rotman, Samuel; Gerber, Christel; Halfon, Matthieu; Lamoth, Frédéric; Comte, Denis; Lhopitallier, Loïc; Sadallah, Salima; Fakhouri, Fadi",0,,Collapsing glomerulopathy in a COVID-19 patient.,"Kidney Int",,"","",0,"",Y,,2020-04-17,,Y,N
MED,32266184,PMC7098456,10.3389/fped.2020.00104,"Chen, Yan; Peng, Hua; Wang, Lin; Zhao, Yin; Zeng, Lingkong; Gao, Hui; Liu, Yalan",2020,,Infants Born to Mothers With a New Coronavirus (COVID-19).,"Front Pediatr",8,"","104",0,"",Y,cc by,2020-03-16,,Y,N
PMC,PMC7191280,PMC7191280,10.1016/j.yjmcc.2020.04.031,"Groß, Sonja; Jahn, Christopher; Cushman, Sarah; Bär, Christian; Thum, Thomas",0,,SARS-CoV-2 receptor ACE2-dependent implications on the cardiovascular system: From basic science to clinical implications.,"J Mol Cell Cardiol",,"","",0,"",Y,,2020-05-02,,Y,N
MED,32355546,PMC7191168,,"Shen, Bo; Zheng, Yufen; Zhang, Xiaoyan; Zhang, Weituo; Wang, Donglian; Jin, Jie; Lin, Rong; Zhang, Ying; Zhu, Guangjun; Zhu, Hongguo; Li, Jun; Xu, Jiaqin; Ding, Xianhong; Chen, Shiyong; Lu, Ruyue; He, Zebao; Zhao, Haihong; Ying, Lingjun; Zhang, Chao; Lv, Dongqing; Chen, Baofu; Chen, Jiya; Zhu, Jiansheng; Hu, Bingjie; Hong, Chenliang; Xu, Xiangyu; Chen, Jiaxi; Liu, Chong; Zhou, Kai; Li, Jing; Zhao, Guoling; Shen, Weixiang; Chen, Chunfeng; Shao, Chunyan; Shen, Xiaoying; Song, Jingjing; Wang, Zhipeng; Meng, Ying; Wang, Chao; Han, Junsong; Chen, Aojun; Lu, Daru; Qian, Biyun; Chen, Haixiao; Gao, Hengjun",2020,,Clinical evaluation of a rapid colloidal gold immunochromatography assay for SARS-Cov-2 IgM/IgG.,"Am J Transl Res",12,"4","1348-1354",0,"",N,,2020-04-15,,Y,N
MED,32346843,PMC7188454,10.1007/s12028-020-00978-4,"Needham, Edward J; Chou, Sherry H-Y; Coles, Alasdair J; Menon, David K",2020,4,Neurological Implications of COVID-19 Infections.,"Neurocrit Care",,"","",0,"",Y,,2020-04-28,,Y,N
MED,32345544,PMC7180368,10.1016/j.jfma.2020.04.020,"Su, Tung-Hung; Kao, Jia-Horng",2020,4,The clinical manifestations and management of COVID-19-related liver injury.,"J Formos Med Assoc",,"","",0,"",Y,,2020-04-24,,Y,N
PMC,PMC7183971,PMC7183971,10.1016/j.jviscsurg.2020.04.016,"Luong-Nguyen, M.; Hermand, H.; Abdalla, S.; Cabrit, N.; Hobeika, C.; Brouquet, A.; Goéré, D.; Sauvanet, A.",0,,Nosocomial infection with SARS-Cov-2 within Departments of Digestive Surgery.,"J Visc Surg",,"","",0,"",Y,,2020-04-29,,Y,N
MED,32307131,PMC7152878,10.1016/j.bjoms.2020.04.014,"Al-Muharraqi, MA",2020,4,Testing recommendation for COVID-19 (SARS-CoV-2) in patients planned for surgery - continuing the service and 'suppressing' the pandemic.,"Br J Oral Maxillofac Surg",,"","",0,"",Y,,2020-04-13,,Y,N
PMC,PMC7194809,PMC7194809,10.1016/j.ophtha.2020.04.027,"Kuo, Irene C.",0,,A Rashomon Moment? Ocular Involvement and COVID-19.,"Ophthalmology",,"","",0,"",Y,,2020-05-04,,Y,N
PMC,PMC7189005,PMC7189005,10.1007/s15007-020-2539-9,"Klimek, Ludger; Pfaar, Oliver; Worm, Margitta; Bergmann, Karl-Christian; Bieber, Thomas; Buhl, Roland; Buters, Jeroen; Darsow, Ulf; Keil, Thomas; Kleine-Tebbe, Jörg; Lau, Susanne; Maurer, Marcus; Merk, Hans; Mösges, Ralph; Saloga, Joachim; Staubach, Petra; Poethig, Dagmar; Rabe, Klaus; Rabe, Uta; Vogelmeier, Claus; Biedermann, Tilo; Jung, Kirsten; Schlenter, Wolfgang; Ring, Johannes; Chaker, Adam; Wehrmann, Wolfgang; Becker, Sven; Mülleneisen, Norbert; Nemat, Katja; Czech, Wolfgang; Wrede, Holger; Brehler, Randolf; Fuchs, Thomas; Tomazic, Peter-Valentin; Aberer, Werner; Fink-Wagner, Antje; Horak, Friedrich; Wöhrl, Stefan; Niederberger-Leppin, Verena; Pali-Schöll, Isabella; Pohl, Wolfgang; Roller-Wirnsberger, Regina; Spranger, Otto; Valenta, Rudolf; Akdis, Mübecell; Akdis, Cezmi; Hoffmann-Sommergruber, Karin; Jutel, Marek; Matricardi, Paolo; Spertini, François; Khaltaev, Nikolai; Michel, Jean-Pierre; Nicod, Laurent; Schmid-Grendelmeier, Peter; Hamelmann, Eckard; Jakob, Thilo; Werfel, Thomas; Wagenmann, Martin; Taube, Christian; Bousquet, Jean; Zuberbier, Torsten; Vogelberg, Christian; Gerstlauer, Michael",2020,,"Allergen-Immuntherapie in der aktuellen Covid-19-Pandemiea, b, c.","Allergo J",29,"3","17-25",0,"",Y,,2020-05-08,,Y,N
MED,32334062,PMC7175848,10.1016/j.bbi.2020.04.046,"Zhang, Jiancheng; Xie, Bing; Hashimoto, Kenji",2020,4,Current status of potential therapeutic candidates for the COVID-19 crisis.,"Brain Behav Immun",,"","",0,"",Y,,2020-04-22,,Y,N
MED,32300101,PMC7162686,10.1038/s41368-020-0080-z,"Xu, Ruoshi; Cui, Bomiao; Duan, Xiaobo; Zhang, Ping; Zhou, Xuedong; Yuan, Quan",2020,4,Saliva: potential diagnostic value and transmission of 2019-nCoV.,"Int J Oral Sci",12,"1","11",0,"""China Postdoctoral Science Foundation"":""BX20190224""",Y,cc by,2020-04-17,,Y,N
PMC,PMC7186209,PMC7186209,10.1016/j.biopha.2020.110195,"Zhang, Yuhao; Geng, Xiuchao; Tan, Yanli; Li, Qiang; Xu, Can; Xu, Jianglong; Hao, Liangchao; Zeng, Zhaomu; Luo, Xianpu; Liu, Fulin; Wang, Hong",0,,New understanding of the damage of SARS-CoV-2 infection outside the respiratory system.,"Biomed Pharmacother",,"","",0,"",Y,,2020-04-30,,Y,N
PMC,PMC7189388,PMC7189388,10.1007/978-981-15-4814-7_11,"Srivastava, Nishant; Saxena, Shailendra K.",2020,,Prevention and Control Strategies for SARS-CoV-2 Infection.,"Coronavirus Disease 2019 (COVID-19)",,"","127-140",0,"",Y,,2020-04-30,,Y,N
MED,32242348,PMC7131901,10.3346/jkms.2020.35.e142,"Kim, Eu Suk; Chin, Bum Sik; Kang, Chang Kyung; Kim, Nam Joong; Kang, Yu Min; Choi, Jae Phil; Oh, Dong Hyun; Kim, Jeong Han; Koh, Boram; Kim, Seong Eun; Yun, Na Ra; Lee, Jae Hoon; Kim, Jin Yong; Kim, Yeonjae; Bang, Ji Hwan; Song, Kyoung Ho; Kim, Hong Bin; Chung, Ki Hyun; Oh, Myoung Don; Korea National Committee for Clinical Management of COVID-19",2020,4,Clinical Course and Outcomes of Patients with Severe Acute Respiratory Syndrome Coronavirus 2 Infection: a Preliminary Report of the First 28 Patients from the Korean Cohort Study on COVID-19.,"J Korean Med Sci",35,"13","e142",0,"",Y,cc by-nc,2020-04-06,,Y,N
MED,32252139,PMC7170785,10.3345/cep.2020.00535,"Choi, Soo-Han; Kim, Han Wool; Kang, Ji-Man; Kim, Dong Hyun; Cho, Eun Young",2020,4,Epidemiology and clinical features of coronavirus disease 2019 in children.,"Clin Exp Pediatr",63,"4","125-132",0,"",Y,cc by-nc,2020-04-06,,Y,N
MED,32209163,PMC7096774,10.2807/1560-7917.ES.2020.25.11.2000266,"Haveri, Anu; Smura, Teemu; Kuivanen, Suvi; Österlund, Pamela; Hepojoki, Jussi; Ikonen, Niina; Pitkäpaasi, Marjaana; Blomqvist, Soile; Rönkkö, Esa; Kantele, Anu; Strandin, Tomas; Kallio-Kokko, Hannimari; Mannonen, Laura; Lappalainen, Maija; Broas, Markku; Jiang, Miao; Siira, Lotta; Salminen, Mika; Puumalainen, Taneli; Sane, Jussi; Melin, Merit; Vapalahti, Olli; Savolainen-Kopra, Carita",2020,3,"Serological and molecular findings during SARS-CoV-2 infection: the first case study in Finland, January to February 2020.","Euro Surveill",25,"11","",0,"",Y,cc by,2020-03-01,,Y,N
MED,32307245,PMC7129535,10.1016/j.jmii.2020.03.034,"Jean, Shio-Shin; Lee, Ping-Ing; Hsueh, Po-Ren",2020,4,Treatment options for COVID-19: The reality and challenges.,"J Microbiol Immunol Infect",,"","",0,"",Y,,2020-04-04,,Y,N
MED,32353825,PMC7177133,10.1016/j.biopha.2020.110176,"Huang, Zhifeng; Zhuang, Donglin; Xiong, Bing; Deng, David Xingfei; Li, Hanhua; Lai, Wen",2020,4,Occupational exposure to SARS-CoV-2 in burns treatment during the COVID-19 epidemic: Specific diagnosis and treatment protocol.,"Biomed Pharmacother",127,"","110176",0,"",Y,,2020-04-23,,Y,N
MED,32299784,PMC7194629,10.1016/j.jmii.2020.03.025,"Liao, Chia-Hung; Hung, Shih-Chang; Lee, Yuan-Ti; Hung, Hung-Chang; Hsueh, Po-Ren",2020,4,How do we decide to de-isolate COVID-19 patients?,"J Microbiol Immunol Infect",,"","",0,"",Y,,2020-04-01,,Y,N
MED,32281317,PMC7152526,10.3346/jkms.2020.35.e149,"Ahn, Jin Young; Sohn, Yujin; Lee, Su Hwan; Cho, Yunsuk; Hyun, Jong Hoon; Baek, Yae Jee; Jeong, Su Jin; Kim, Jung Ho; Ku, Nam Su; Yeom, Joon Sup; Roh, Juhye; Ahn, Mi Young; Chin, Bum Sik; Kim, Young Sam; Lee, Hyukmin; Yong, Dongeun; Kim, Hyun Ok; Kim, Sinyoung; Choi, Jun Yong",2020,4,Use of Convalescent Plasma Therapy in Two COVID-19 Patients with Acute Respiratory Distress Syndrome in Korea.,"J Korean Med Sci",35,"14","e149",0,"""Ministry of Health and Welfare"":""HI14C1324"",""Korea HIV/AIDS Cohort Study"":""2019-ER5101-00""",Y,cc by-nc,2020-04-13,,Y,N
MED,32195698,PMC7155909,10.1097/ALN.0000000000003303,"Greenland, John R; Michelow, Marilyn D; Wang, Linlin; London, Martin J",2020,3,COVID-19 Infection: Implications for Perioperative and Critical Care Physicians.,"Anesthesiology",,"","",0,"""CSRD VA"":""IK2 CX001034""",Y,,2020-03-27,,Y,N
MED,32292901,PMC7142689,10.1016/j.jtauto.2020.100051,"Lyons-Weiler, James",2020,4,Pathogenic Priming Likely Contributes to Serious and Critical Illness and Mortality in COVID-19 via Autoimmunity.,"J Transl Autoimmun",,"","100051",0,"",Y,,2020-04-09,,Y,N
MED,32292867,PMC7142700,10.1016/j.ekir.2020.04.002,"Larsen, Christopher P; Bourne, Thomas D; Wilson, Jon D; Saqqa, Osaid; Sharshir, Moh'd A",2020,4,Collapsing Glomerulopathy in a Patient With Coronavirus Disease 2019 (COVID-19).,"Kidney Int Rep",,"","",0,"",Y,,2020-04-09,,Y,N
PMC,PMC7195821,PMC7195821,10.1038/s41421-020-0169-8,"Wang, Xi; Cao, Ruiyuan; Zhang, Huanyu; Liu, Jia; Xu, Mingyue; Hu, Hengrui; Li, Yufeng; Zhao, Lei; Li, Wei; Sun, Xiulian; Yang, Xinglou; Shi, Zhengli; Deng, Fei; Hu, Zhihong; Zhong, Wu; Wang, Manli",2020,,"The anti-influenza virus drug, arbidol is an efficient inhibitor of SARS-CoV-2 in vitro.","Cell Discov",6,"","",0,"""the National Natural Science Foundation of China (grant no. 31621061 to Z.H.)."":""ID_NOT_SUPPLIED"",""the National Key R&D program of China (grant no. 2020YFC0841700)"":""ID_NOT_SUPPLIED"",""the National Science and Technology Major Projects for “Major New Drugs Innovation and Development” (grant no. 2018ZX09711003), the National Key R&D program of China (grant no. 2020YFC0841700)"":""ID_NOT_SUPPLIED""",Y,cc by,2020-05-02,,Y,N
MED,32253226,PMC7164393,10.1126/scitranslmed.abb5883,"Sheahan, Timothy P; Sims, Amy C; Zhou, Shuntai; Graham, Rachel L; Pruijssers, Andrea J; Agostini, Maria L; Leist, Sarah R; Schäfer, Alexandra; Dinnon, Kenneth H; Stevens, Laura J; Chappell, James D; Lu, Xiaotao; Hughes, Tia M; George, Amelia S; Hill, Collin S; Montgomery, Stephanie A; Brown, Ariane J; Bluemling, Gregory R; Natchus, Michael G; Saindane, Manohar; Kolykhalov, Alexander A; Painter, George; Harcourt, Jennifer; Tamin, Azaibi; Thornburg, Natalie J; Swanstrom, Ronald; Denison, Mark R; Baric, Ralph S",2020,4,An orally bioavailable broad-spectrum antiviral inhibits SARS-CoV-2 in human airway epithelial cell cultures and multiple coronaviruses in mice.,"Sci Transl Med",12,"541","",0,"""NIAID NIH HHS"":""F31 AI133952"",""NIAID NIH HHS"":""U19 AI109680"",""NIAID NIH HHS"":""R01 AI108197"",""NIAID NIH HHS"":""U19 AI142759"",""NIAID NIH HHS"":""HHSN272201500008C"",""NIDDK NIH HHS"":""P30 DK065988"",""NIAID NIH HHS"":""R01 AI132178"",""NIAID NIH HHS"":""T32 AI112541""",Y,cc by,2020-04-06,,Y,N
MED,32251768,PMC7129059,10.1016/j.antiviral.2020.104787,"Caly, Leon; Druce, Julian D; Catton, Mike G; Jans, David A; Wagstaff, Kylie M",2020,4,The FDA-approved drug ivermectin inhibits the replication of SARS-CoV-2 in vitro.,"Antiviral Res",178,"","104787",0,"",Y,,2020-04-03,,Y,N
MED,32235119,PMC7179526,10.1159/000507537,"Meijers, Bjorn; Messa, Piergiorgio; Ronco, Claudio",2020,,Safeguarding the Maintenance Hemodialysis Patient Population during the Coronavirus Disease 19 Pandemic.,"Blood Purif",49,"3","259-264",0,"",Y,,2020-04-01,,Y,N
MED,32174267,PMC7144283,10.1080/22221751.2020.1738905,"Ai, Jing-Wen; Zhang, Yi; Zhang, Hao-Cheng; Xu, Teng; Zhang, Wen-Hong",2020,,"Era of molecular diagnosis for pathogen identification of unexplained pneumonia, lessons to be learned.","Emerg Microbes Infect",9,"1","597-600",0,"",Y,cc by,2020-03-16,,Y,N
MED,32292831,PMC7148677,10.1016/j.glohj.2020.03.003,"",2020,3,Interpretation of the diagnosis and treatment plan of Corona Virus Disease 2019 (tentative sixth edition).,"Glob Health J",,"","",0,"",Y,,2020-03-17,,Y,N
MED,32159775,PMC7066521,10.1001/jama.2020.3786,"Wang, Wenling; Xu, Yanli; Gao, Ruqin; Lu, Roujian; Han, Kai; Wu, Guizhen; Tan, Wenjie",2020,3,Detection of SARS-CoV-2 in Different Types of Clinical Specimens.,"JAMA",,"","",0,"",N,,2020-03-11,2020-09-11,Y,N
MED,32346669,PMC7187661,10.1007/s41669-020-00217-8,"Pouwels, Koen B; Roope, Laurence S J; Barnett, Adrian; Hunter, David J; Nolan, Terry M; Clarke, Philip M",2020,4,Group Testing for SARS-CoV-2: Forward to the Past?,"Pharmacoecon Open",,"","1-4",0,"",Y,cc by-nc,2020-04-28,,Y,N
PMC,PMC7183927,PMC7183927,10.1007/s12098-020-03292-1,"Sankar, Jhuma; Dhochak, Nitin; Kabra, S. K.; Lodha, Rakesh",0,,COVID-19 in Children: Clinical Approach and Management.,"Indian J Pediatr",,"","1-10",0,"",Y,,2020-04-29,,Y,N
MED,32328378,PMC7174861,10.7759/cureus.7366,"Waleed, Madeeha Subhan; Sadiq, Waleed; Azmat, Muneeba",2020,3,Understanding the Mosaic of COVID-19: A Review of the Ongoing Crisis.,"Cureus",12,"3","e7366",0,"",Y,cc by,2020-03-22,,Y,N
MED,32211820,PMC7097836,10.1001/jamaoncol.2020.0980,"Yu, Jing; Ouyang, Wen; Chua, Melvin L K; Xie, Conghua",2020,3,"SARS-CoV-2 Transmission in Patients With Cancer at a Tertiary Care Hospital in Wuhan, China.","JAMA Oncol",,"","",0,"",Y,cc by,2020-03-25,,Y,N
MED,32217658,PMC7098484,10.1183/13993003.00597-2020,"Guan, Wei-Jie; Chen, Rong-Chang; Zhong, Nan-Shan",2020,3,Strategies for the prevention and management of coronavirus disease 2019.,"Eur Respir J",,"","",0,"",Y,,2020-03-26,,Y,N
MED,32209164,PMC7096776,10.2807/1560-7917.ES.2020.25.11.2000230,"Nicastri, Emanuele; D'Abramo, Alessandra; Faggioni, Giovanni; De Santis, Riccardo; Mariano, Andrea; Lepore, Luciana; Molinari, Filippo; Petralito, Giancarlo; Fillo, Silvia; Munzi, Diego; Corpolongo, Angela; Bordi, Licia; Carletti, Fabrizio; Castiletti, Concetta; Colavita, Francesca; Lalle, Eleonora; Bevilacqua, Nazario; Giancola, Maria Letizia; Scorzolini, Laura; Lanini, Simone; Palazzolo, Claudia; De Domenico, Angelo; Spinelli, Maria Anna; Scognamiglio, Paola; Piredda, Paolo; Iacomino, Raffaele; Mone, Andrea; Puro, Vincenzo; Petrosillo, Nicola; Battistini, Antonio; Vairo, Francesco; Lista, Florigio; Ippolito, Giuseppe; On Behalf Of Inmi And The Italian Army Covid-Study Groups",2020,3,"Coronavirus disease (COVID-19) in a paucisymptomatic patient: epidemiological and clinical challenge in settings with limited community transmission, Italy, February 2020.","Euro Surveill",25,"11","",0,"",Y,cc by,2020-03-01,,Y,N
MED,32226295,PMC7098028,10.7150/ijbs.45134,"Yi, Ye; Lagniton, Philip N P; Ye, Sen; Li, Enqin; Xu, Ren-He",2020,,COVID-19: what has been learned and to be learned about the novel coronavirus disease.,"Int J Biol Sci",16,"10","1753-1766",0,"",Y,cc by,2020-03-15,,Y,N
MED,32331519,PMC7180682,10.1186/s12941-020-00358-y,"Millán-Oñate, José; Millan, William; Mendoza, Luis Alfonso; Sánchez, Carlos Guillermo; Fernandez-Suarez, Hugo; Bonilla-Aldana, D Katterine; Rodríguez-Morales, Alfonso J",2020,4,Successful recovery of COVID-19 pneumonia in a patient from Colombia after receiving chloroquine and clarithromycin.,"Ann Clin Microbiol Antimicrob",19,"1","16",0,"",Y,cc by,2020-04-24,,Y,N
MED,32213337,PMC7158907,10.1016/S1473-3099(20)30196-1,"To, Kelvin Kai-Wang; Tsang, Owen Tak-Yin; Leung, Wai-Shing; Tam, Anthony Raymond; Wu, Tak-Chiu; Lung, David Christopher; Yip, Cyril Chik-Yan; Cai, Jian-Piao; Chan, Jacky Man-Chun; Chik, Thomas Shiu-Hong; Lau, Daphne Pui-Ling; Choi, Chris Yau-Chung; Chen, Lin-Lei; Chan, Wan-Mui; Chan, Kwok-Hung; Ip, Jonathan Daniel; Ng, Anthony Chin-Ki; Poon, Rosana Wing-Shan; Luo, Cui-Ting; Cheng, Vincent Chi-Chung; Chan, Jasper Fuk-Woo; Hung, Ivan Fan-Ngai; Chen, Zhiwei; Chen, Honglin; Yuen, Kwok-Yung",2020,5,Temporal profiles of viral load in posterior oropharyngeal saliva samples and serum antibody responses during infection by SARS-CoV-2: an observational cohort study.,"Lancet Infect Dis",20,"5","565-574",0,"",Y,,2020-03-23,,Y,N
MED,32275742,PMC7184436,10.1093/ajcp/aqaa062,"Barton, Lisa M; Duval, Eric J; Stroberg, Edana; Ghosh, Subha; Mukhopadhyay, Sanjay",2020,4,"COVID-19 Autopsies, Oklahoma, USA.","Am J Clin Pathol",,"","",0,"",Y,,2020-04-10,,Y,N
MED,32289516,PMC7194109,10.1016/j.jtho.2020.04.003,"Cai, Yixin; Hao, Zhipeng; Gao, Yi; Ping, Wei; Wang, Qi; Peng, Shu; Zhao, Bo; Sun, Wei; Zhu, Min; Li, Kaiyan; Han, Ying; Kuang, Dong; Chu, Qian; Fu, Xiangning; Zhang, Ni",2020,4,"Coronavirus Disease 2019 in the Perioperative Period of Lung Resection: A Brief Report From a Single Thoracic Surgery Department in Wuhan, People's Republic of China.","J Thorac Oncol",,"","",0,"",Y,,2020-04-11,,Y,N
PMC,PMC7163482,PMC7163482,10.1002/eji.202070035,"Park, Mirae; Thwaites, Ryan S.; Openshaw, Peter J. M.",2020,3,COVID‐19: Lessons from SARS and MERS.,"Eur J Immunol",50,"3","308-311",0,"",Y,,2020-02-27,,Y,N
MED,32219428,PMC7101507,10.1001/jama.2020.4783,"Shen, Chenguang; Wang, Zhaoqin; Zhao, Fang; Yang, Yang; Li, Jinxiu; Yuan, Jing; Wang, Fuxiang; Li, Delin; Yang, Minghui; Xing, Li; Wei, Jinli; Xiao, Haixia; Yang, Yan; Qu, Jiuxin; Qing, Ling; Chen, Li; Xu, Zhixiang; Peng, Ling; Li, Yanjie; Zheng, Haixia; Chen, Feng; Huang, Kun; Jiang, Yujing; Liu, Dongjing; Zhang, Zheng; Liu, Yingxia; Liu, Lei",2020,3,Treatment of 5 Critically Ill Patients With COVID-19 With Convalescent Plasma.,"JAMA",,"","",0,"",N,,2020-03-27,2020-09-27,Y,N
MED,32347204,PMC7189648,10.2807/1560-7917.ES.2020.25.16.2000421,"Perera, Ranawaka Apm; Mok, Chris Kp; Tsang, Owen Ty; Lv, Huibin; Ko, Ronald Lw; Wu, Nicholas C; Yuan, Meng; Leung, Wai Shing; Chan, Jacky Mc; Chik, Thomas Sh; Choi, Chris Yc; Leung, Kathy; Chan, Kin Ho; Chan, Karl Ck; Li, Ka-Chi; Wu, Joseph T; Wilson, Ian A; Monto, Arnold S; Poon, Leo Lm; Peiris, Malik",2020,4,"Serological assays for severe acute respiratory syndrome coronavirus 2 (SARS-CoV-2), March 2020.","Euro Surveill",25,"16","",0,"""NIAID NIH HHS"":""K99 AI139445""",Y,cc by,2020-04-01,,Y,N
MED,32289115,PMC7128473,10.1016/j.jhepr.2020.100113,"Boettler, Tobias; Newsome, Philip N; Mondelli, Mario U; Maticic, Mojca; Cordero, Elisa; Cornberg, Markus; Berg, Thomas",2020,6,Care of patients with liver disease during the COVID-19 pandemic: EASL-ESCMID position paper.,"JHEP Rep",2,"3","100113",0,"",Y,cc by-nc-nd,2020-04-02,,Y,N
MED,32297828,,10.1089/vim.2020.0062,"Liu, Yang; Liao, Wenjian; Wan, Lagen; Xiang, Tianxing; Zhang, Wei",2020,4,Correlation Between Relative Nasopharyngeal Virus RNA Load and Lymphocyte Count Disease Severity in Patients with COVID-19.,"Viral Immunol",,"","",0,"",N,,2020-04-10,,N,N
